{
  "version": "1.0.0",
  "lastUpdated": "2025-01-24",
  "nvcleaninstall": {
    "name": "NVCleanInstall",
    "version": "1.16.0",
    "downloadUrl": "https://us1-dl.techpowerup.com/files/NVCleanstall_1.16.0.exe",
    "mirrors": [
      "https://us2-dl.techpowerup.com/files/NVCleanstall_1.16.0.exe",
      "https://eu1-dl.techpowerup.com/files/NVCleanstall_1.16.0.exe",
      "https://eu2-dl.techpowerup.com/files/NVCleanstall_1.16.0.exe"
    ]
  },
  "brands": {
    "asus": {
      "name": "ASUS",
      "models": [
        {
          "name": "ROG STRIX B550-F GAMING",
          "chipset": "AMD B550",
          "drivers": {
            "chipset": "https://dlcdnets.asus.com/pub/ASUS/mb/SocketAM4/ROG_STRIX_B550-F_GAMING/AMD_Chipset_Drivers_V4.08.09.2337_WIN10&WIN11_64-bit.zip",
            "audio": "https://dlcdnets.asus.com/pub/ASUS/mb/SocketAM4/ROG_STRIX_B550-F_GAMING/Realtek_Audio_Driver_V6.0.9457.1_WIN10&WIN11_64-bit.zip",
            "lan": "https://dlcdnets.asus.com/pub/ASUS/mb/SocketAM4/ROG_STRIX_B550-F_GAMING/Intel_LAN_Driver_V12.19.2.37.zip",
            "wifi": null
          }
        },
        {
          "name": "ROG STRIX B550-E GAMING",
          "chipset": "AMD B550",
          "drivers": {
            "chipset": "https://dlcdnets.asus.com/pub/ASUS/mb/SocketAM4/ROG_STRIX_B550-E_GAMING/AMD_Chipset_Drivers_V4.08.09.2337_WIN10&WIN11_64-bit.zip",
            "audio": "https://dlcdnets.asus.com/pub/ASUS/mb/SocketAM4/ROG_STRIX_B550-E_GAMING/Realtek_Audio_Driver_V6.0.9457.1_WIN10&WIN11_64-bit.zip",
            "lan": "https://dlcdnets.asus.com/pub/ASUS/mb/SocketAM4/ROG_STRIX_B550-E_GAMING/Intel_LAN_Driver_V12.19.2.37.zip",
            "wifi": "https://dlcdnets.asus.com/pub/ASUS/mb/SocketAM4/ROG_STRIX_B550-E_GAMING/Intel_WiFi_Driver_V22.240.0.zip"
          }
        },
        {
          "name": "ROG STRIX X570-E GAMING",
          "chipset": "AMD X570",
          "drivers": {
            "chipset": "https://dlcdnets.asus.com/pub/ASUS/mb/SocketAM4/ROG_STRIX_X570-E_GAMING/AMD_Chipset_Drivers_V4.08.09.2337_WIN10&WIN11_64-bit.zip",
            "audio": "https://dlcdnets.asus.com/pub/ASUS/mb/SocketAM4/ROG_STRIX_X570-E_GAMING/Realtek_Audio_Driver_V6.0.9457.1_WIN10&WIN11_64-bit.zip",
            "lan": "https://dlcdnets.asus.com/pub/ASUS/mb/SocketAM4/ROG_STRIX_X570-E_GAMING/Intel_LAN_Driver_V12.19.2.37.zip",
            "wifi": "https://dlcdnets.asus.com/pub/ASUS/mb/SocketAM4/ROG_STRIX_X570-E_GAMING/Intel_WiFi_Driver_V22.240.0.zip"
          }
        },
        {
          "name": "TUF GAMING B550-PLUS",
          "chipset": "AMD B550",
          "drivers": {
            "chipset": "https://dlcdnets.asus.com/pub/ASUS/mb/SocketAM4/TUF_GAMING_B550-PLUS/AMD_Chipset_Drivers_V4.08.09.2337_WIN10&WIN11_64-bit.zip",
            "audio": "https://dlcdnets.asus.com/pub/ASUS/mb/SocketAM4/TUF_GAMING_B550-PLUS/Realtek_Audio_Driver_V6.0.9457.1_WIN10&WIN11_64-bit.zip",
            "lan": "https://dlcdnets.asus.com/pub/ASUS/mb/SocketAM4/TUF_GAMING_B550-PLUS/Realtek_LAN_Driver_V10.52.0119.2022.zip",
            "wifi": null
          }
        },
        {
          "name": "PRIME B550M-A",
          "chipset": "AMD B550",
          "drivers": {
            "chipset": "https://dlcdnets.asus.com/pub/ASUS/mb/SocketAM4/PRIME_B550M-A/AMD_Chipset_Drivers_V4.08.09.2337_WIN10&WIN11_64-bit.zip",
            "audio": "https://dlcdnets.asus.com/pub/ASUS/mb/SocketAM4/PRIME_B550M-A/Realtek_Audio_Driver_V6.0.9457.1_WIN10&WIN11_64-bit.zip",
            "lan": "https://dlcdnets.asus.com/pub/ASUS/mb/SocketAM4/PRIME_B550M-A/Realtek_LAN_Driver_V10.52.0119.2022.zip",
            "wifi": null
          }
        },
        {
          "name": "ROG STRIX Z690-E GAMING WIFI",
          "chipset": "Intel Z690",
          "drivers": {
            "chipset": "https://dlcdnets.asus.com/pub/ASUS/mb/LGA1700/ROG_STRIX_Z690-E_GAMING_WIFI/Intel_Chipset_Driver_V10.1.19444.8378_WIN10&WIN11_64-bit.zip",
            "audio": "https://dlcdnets.asus.com/pub/ASUS/mb/LGA1700/ROG_STRIX_Z690-E_GAMING_WIFI/Realtek_Audio_Driver_V6.0.9457.1_WIN10&WIN11_64-bit.zip",
            "lan": "https://dlcdnets.asus.com/pub/ASUS/mb/LGA1700/ROG_STRIX_Z690-E_GAMING_WIFI/Intel_LAN_Driver_V12.19.2.37.zip",
            "wifi": "https://dlcdnets.asus.com/pub/ASUS/mb/LGA1700/ROG_STRIX_Z690-E_GAMING_WIFI/Intel_WiFi_Driver_V22.240.0.zip"
          }
        },
        {
          "name": "ROG STRIX B660-A GAMING WIFI",
          "chipset": "Intel B660",
          "drivers": {
            "chipset": "https://dlcdnets.asus.com/pub/ASUS/mb/LGA1700/ROG_STRIX_B660-A_GAMING_WIFI/Intel_Chipset_Driver_V10.1.19444.8378_WIN10&WIN11_64-bit.zip",
            "audio": "https://dlcdnets.asus.com/pub/ASUS/mb/LGA1700/ROG_STRIX_B660-A_GAMING_WIFI/Realtek_Audio_Driver_V6.0.9457.1_WIN10&WIN11_64-bit.zip",
            "lan": "https://dlcdnets.asus.com/pub/ASUS/mb/LGA1700/ROG_STRIX_B660-A_GAMING_WIFI/Intel_LAN_Driver_V12.19.2.37.zip",
            "wifi": "https://dlcdnets.asus.com/pub/ASUS/mb/LGA1700/ROG_STRIX_B660-A_GAMING_WIFI/Intel_WiFi_Driver_V22.240.0.zip"
          }
        }
      ]
    },
    "msi": {
      "name": "MSI",
      "models": [
        {
          "name": "MAG B550 TOMAHAWK",
          "chipset": "AMD B550",
          "drivers": {
            "chipset": "https://download.msi.com/dvr_exe/mb/amd_chipset_drivers_am4.zip",
            "audio": "https://download.msi.com/dvr_exe/mb/realtek_audio_R.zip",
            "lan": "https://download.msi.com/dvr_exe/mb/realtek_pcielan_w10.zip",
            "wifi": null
          }
        },
        {
          "name": "MAG X570 TOMAHAWK WIFI",
          "chipset": "AMD X570",
          "drivers": {
            "chipset": "https://download.msi.com/dvr_exe/mb/amd_chipset_drivers_am4.zip",
            "audio": "https://download.msi.com/dvr_exe/mb/realtek_audio_R.zip",
            "lan": "https://download.msi.com/dvr_exe/mb/realtek_pcielan_w10.zip",
            "wifi": "https://download.msi.com/dvr_exe/mb/intel_wifi_driver.zip"
          }
        },
        {
          "name": "MPG B550 GAMING EDGE WIFI",
          "chipset": "AMD B550",
          "drivers": {
            "chipset": "https://download.msi.com/dvr_exe/mb/amd_chipset_drivers_am4.zip",
            "audio": "https://download.msi.com/dvr_exe/mb/realtek_audio_R.zip",
            "lan": "https://download.msi.com/dvr_exe/mb/realtek_pcielan_w10.zip",
            "wifi": "https://download.msi.com/dvr_exe/mb/intel_wifi_driver.zip"
          }
        },
        {
          "name": "MPG Z690 EDGE WIFI",
          "chipset": "Intel Z690",
          "drivers": {
            "chipset": "https://download.msi.com/dvr_exe/mb/intel_chipset_12th.zip",
            "audio": "https://download.msi.com/dvr_exe/mb/realtek_audio_R.zip",
            "lan": "https://download.msi.com/dvr_exe/mb/intel_lan_v12.zip",
            "wifi": "https://download.msi.com/dvr_exe/mb/intel_wifi_driver.zip"
          }
        },
        {
          "name": "MAG B660M MORTAR WIFI",
          "chipset": "Intel B660",
          "drivers": {
            "chipset": "https://download.msi.com/dvr_exe/mb/intel_chipset_12th.zip",
            "audio": "https://download.msi.com/dvr_exe/mb/realtek_audio_R.zip",
            "lan": "https://download.msi.com/dvr_exe/mb/realtek_pcielan_w10.zip",
            "wifi": "https://download.msi.com/dvr_exe/mb/intel_wifi_driver.zip"
          }
        },
        {
          "name": "PRO B550M-VC WIFI",
          "chipset": "AMD B550",
          "drivers": {
            "chipset": "https://download.msi.com/dvr_exe/mb/amd_chipset_drivers_am4.zip",
            "audio": "https://download.msi.com/dvr_exe/mb/realtek_audio_R.zip",
            "lan": "https://download.msi.com/dvr_exe/mb/realtek_pcielan_w10.zip",
            "wifi": "https://download.msi.com/dvr_exe/mb/intel_wifi_driver.zip"
          }
        }
      ]
    },
    "gigabyte": {
      "name": "GIGABYTE",
      "models": [
        {
          "name": "B550 AORUS PRO",
          "chipset": "AMD B550",
          "drivers": {
            "chipset": "https://download.gigabyte.com/FileList/Driver/mb_driver_chipset_amd_am4.zip",
            "audio": "https://download.gigabyte.com/FileList/Driver/mb_driver_audio_realtek_6.zip",
            "lan": "https://download.gigabyte.com/FileList/Driver/mb_driver_lan_intel_i225.zip",
            "wifi": null
          }
        },
        {
          "name": "B550 AORUS ELITE",
          "chipset": "AMD B550",
          "drivers": {
            "chipset": "https://download.gigabyte.com/FileList/Driver/mb_driver_chipset_amd_am4.zip",
            "audio": "https://download.gigabyte.com/FileList/Driver/mb_driver_audio_realtek_6.zip",
            "lan": "https://download.gigabyte.com/FileList/Driver/mb_driver_lan_realtek.zip",
            "wifi": null
          }
        },
        {
          "name": "X570 AORUS MASTER",
          "chipset": "AMD X570",
          "drivers": {
            "chipset": "https://download.gigabyte.com/FileList/Driver/mb_driver_chipset_amd_am4.zip",
            "audio": "https://download.gigabyte.com/FileList/Driver/mb_driver_audio_realtek_6.zip",
            "lan": "https://download.gigabyte.com/FileList/Driver/mb_driver_lan_intel_i225.zip",
            "wifi": "https://download.gigabyte.com/FileList/Driver/mb_driver_wifi_intel_ax200.zip"
          }
        },
        {
          "name": "Z690 AORUS ELITE AX",
          "chipset": "Intel Z690",
          "drivers": {
            "chipset": "https://download.gigabyte.com/FileList/Driver/mb_driver_chipset_intel_12th.zip",
            "audio": "https://download.gigabyte.com/FileList/Driver/mb_driver_audio_realtek_6.zip",
            "lan": "https://download.gigabyte.com/FileList/Driver/mb_driver_lan_intel_i225.zip",
            "wifi": "https://download.gigabyte.com/FileList/Driver/mb_driver_wifi_intel_ax201.zip"
          }
        },
        {
          "name": "B660 GAMING X AX",
          "chipset": "Intel B660",
          "drivers": {
            "chipset": "https://download.gigabyte.com/FileList/Driver/mb_driver_chipset_intel_12th.zip",
            "audio": "https://download.gigabyte.com/FileList/Driver/mb_driver_audio_realtek_6.zip",
            "lan": "https://download.gigabyte.com/FileList/Driver/mb_driver_lan_realtek.zip",
            "wifi": "https://download.gigabyte.com/FileList/Driver/mb_driver_wifi_intel_ax201.zip"
          }
        }
      ]
    },
    "asrock": {
      "name": "ASRock",
      "models": [
        {
          "name": "B550 Steel Legend",
          "chipset": "AMD B550",
          "drivers": {
            "chipset": "https://download.asrock.com/Drivers/AMD/Chipset/Chipset(v4.08.09.2337).zip",
            "audio": "https://download.asrock.com/Drivers/Audio/Realtek/Realtek(v6.0.9457.1).zip",
            "lan": "https://download.asrock.com/Drivers/LAN/Realtek/RealtekLAN(v10.52).zip",
            "wifi": null
          }
        },
        {
          "name": "B550M Steel Legend",
          "chipset": "AMD B550",
          "drivers": {
            "chipset": "https://download.asrock.com/Drivers/AMD/Chipset/Chipset(v4.08.09.2337).zip",
            "audio": "https://download.asrock.com/Drivers/Audio/Realtek/Realtek(v6.0.9457.1).zip",
            "lan": "https://download.asrock.com/Drivers/LAN/Realtek/RealtekLAN(v10.52).zip",
            "wifi": null
          }
        },
        {
          "name": "X570 Phantom Gaming 4",
          "chipset": "AMD X570",
          "drivers": {
            "chipset": "https://download.asrock.com/Drivers/AMD/Chipset/Chipset(v4.08.09.2337).zip",
            "audio": "https://download.asrock.com/Drivers/Audio/Realtek/Realtek(v6.0.9457.1).zip",
            "lan": "https://download.asrock.com/Drivers/LAN/Intel/IntelLAN(v12.19).zip",
            "wifi": null
          }
        },
        {
          "name": "Z690 Steel Legend",
          "chipset": "Intel Z690",
          "drivers": {
            "chipset": "https://download.asrock.com/Drivers/Intel/Chipset/Chipset(v10.1.19444.8378).zip",
            "audio": "https://download.asrock.com/Drivers/Audio/Realtek/Realtek(v6.0.9457.1).zip",
            "lan": "https://download.asrock.com/Drivers/LAN/Realtek/RealtekLAN(v10.52).zip",
            "wifi": null
          }
        },
        {
          "name": "B660M Pro RS",
          "chipset": "Intel B660",
          "drivers": {
            "chipset": "https://download.asrock.com/Drivers/Intel/Chipset/Chipset(v10.1.19444.8378).zip",
            "audio": "https://download.asrock.com/Drivers/Audio/Realtek/Realtek(v6.0.9457.1).zip",
            "lan": "https://download.asrock.com/Drivers/LAN/Realtek/RealtekLAN(v10.52).zip",
            "wifi": null
          }
        }
      ]
    }
  },
  "genericDrivers": {
    "chipset": {
      "amd": {
        "name": "AMD Chipset Drivers",
        "url": "https://www.amd.com/en/support/chipsets/amd-socket-am4/b550"
      },
      "intel": {
        "name": "Intel Chipset INF",
        "url": "https://www.intel.com/content/www/us/en/download/19347/chipset-inf-utility.html"
      }
    },
    "audio": {
      "realtek": {
        "name": "Realtek HD Audio",
        "url": "https://www.realtek.com/en/component/zoo/category/pc-audio-codecs-high-definition-audio-codecs-software"
      }
    },
    "lan": {
      "intel": {
        "name": "Intel Ethernet",
        "url": "https://www.intel.com/content/www/us/en/download/18293/intel-network-adapter-driver-for-windows-10.html"
      },
      "realtek": {
        "name": "Realtek Ethernet",
        "url": "https://www.realtek.com/en/component/zoo/category/network-interface-controllers-10-100-1000m-gigabit-ethernet-pci-express-software"
      }
    },
    "wifi": {
      "intel": {
        "name": "Intel WiFi",
        "url": "https://www.intel.com/content/www/us/en/download/19351/windows-10-and-windows-11-wi-fi-drivers-for-intel-wireless-adapters.html"
      }
    }
  }
}
