{
  "appId": "com.babatool.app",
  "productName": "BaBaTool",
  "copyright": "Copyright © 2025 BaBaTool",
  "asar": true,
  "directories": {
    "output": "dist",
    "buildResources": "public"
  },
  "files": [
    "build/**/*",
    "electron/**/*",
    "!node_modules/**/*"
  ],
  "extraResources": [
    {
      "from": "public/logo.ico",
      "to": "logo.ico"
    },
    {
      "from": "public/logo.png",
      "to": "logo.png"
    },
    {
      "from": "src/configs/obs",
      "to": "configs/obs"
    },
    {
      "from": "src/configs/nvidia",
      "to": "configs/nvidia"
    },
    {
      "from": "src/configs/fortnite",
      "to": "configs/fortnite"
    },
    {
      "from": "resources/backend/scripts",
      "to": "backend/scripts"
    }
  ],
  "extraMetadata": {
    "main": "electron/main.js"
  },
  "win": {
    "target": [
      {
        "target": "nsis",
        "arch": ["x64"]
      }
    ],
    "icon": "public/logo.ico",
    "artifactName": "${productName}-Setup-${version}.${ext}",
    "requestedExecutionLevel": "requireAdministrator"
  },
  "nsis": {
    "oneClick": false,
    "allowToChangeInstallationDirectory": true,
    "createDesktopShortcut": true,
    "createStartMenuShortcut": true,
    "shortcutName": "BaBaTool",
    "installerIcon": "public/logo.ico",
    "uninstallerIcon": "public/logo.ico",
    "runAfterFinish": true
  },
  "mac": {
    "target": ["dmg"],
    "icon": "public/logo.png",
    "artifactName": "${productName}-${version}.${ext}"
  },
  "linux": {
    "target": ["AppImage", "deb"],
    "icon": "public/logo.png",
    "artifactName": "${productName}-${version}.${ext}"
  }
}
